{"cameraMode":{"drawMode":0,"name":"Shaded","section":"Shading Mode"},"sceneLighting":false,"audioPlay":false,"sceneViewState":{"m_AlwaysRefresh":false,"showFog":true,"showSkybox":false,"showFlares":true,"showImageEffects":true,"showParticleSystems":true,"showVisualEffectGraphs":true,"m_FxEnabled":true},"in2DMode":false,"pivot":{"x":-0.30917030572891238,"y":-0.7491155862808228,"z":-0.18535733222961427},"rotation":{"x":-0.10804722458124161,"y":0.030412642285227777,"z":-0.0033070354256778957,"w":-0.9936748147010803},"size":1.2123725414276124,"orthographic":false}