{"cameraMode":{"drawMode":0,"name":"Shaded","section":"Shading Mode"},"sceneLighting":false,"audioPlay":false,"sceneViewState":{"m_AlwaysRefresh":false,"showFog":true,"showSkybox":false,"showFlares":true,"showImageEffects":true,"showParticleSystems":true,"showVisualEffectGraphs":true,"m_FxEnabled":true},"in2DMode":false,"pivot":{"x":0.743565559387207,"y":9.24703311920166,"z":1.1241779327392579},"rotation":{"x":-0.13930700719356538,"y":0.025839120149612428,"z":-0.0036363941617310049,"w":-0.9899059534072876},"size":12.309420585632325,"orthographic":false}