{"cameraMode":{"drawMode":0,"name":"Shaded","section":"Shading Mode"},"sceneLighting":true,"audioPlay":false,"sceneViewState":{"m_AlwaysRefresh":false,"showFog":true,"showSkybox":true,"showFlares":true,"showImageEffects":true,"showParticleSystems":true,"showVisualEffectGraphs":true,"m_FxEnabled":true},"in2DMode":false,"pivot":{"x":2.2112948894500734,"y":49.255741119384769,"z":12.968414306640625},"rotation":{"x":-0.13930700719356538,"y":0.025839120149612428,"z":-0.0036363941617310049,"w":-0.9899059534072876},"size":22.2493839263916,"orthographic":false}