{"cameraMode":{"drawMode":0,"name":"Shaded","section":"Shading Mode"},"sceneLighting":true,"audioPlay":false,"sceneViewState":{"m_AlwaysRefresh":false,"showFog":true,"showSkybox":true,"showFlares":true,"showImageEffects":true,"showParticleSystems":true,"showVisualEffectGraphs":true,"m_FxEnabled":true},"in2DMode":false,"pivot":{"x":302.8876647949219,"y":228.1519012451172,"z":221.67767333984376},"rotation":{"x":-0.11702921986579895,"y":0.013999374583363533,"z":-0.001649994868785143,"w":-0.9930304884910584},"size":658.512939453125,"orthographic":false}