{"cameraMode":{"drawMode":0,"name":"Shaded","section":"Shading Mode"},"sceneLighting":true,"audioPlay":false,"sceneViewState":{"m_AlwaysRefresh":false,"showFog":true,"showSkybox":true,"showFlares":true,"showImageEffects":true,"showParticleSystems":true,"showVisualEffectGraphs":true,"m_FxEnabled":true},"in2DMode":false,"pivot":{"x":5.0435471534729,"y":64.91751098632813,"z":-32.48936080932617},"rotation":{"x":-0.13785797357559205,"y":0.012476010248064995,"z":-0.0017367040272802115,"w":-0.9903717041015625},"size":0.7555839419364929,"orthographic":false}